{
    "min_ship_threshold": 15.117515877746698,
    "defense_buffer": 0.0,
    "travel_time_weight": 1.0339303144013843,
    "production_weight": 25.742606842935928
}